56045951100.00,Weston County,Wyoming,3314,17.5,74500,1
56045951300.00,Weston County,Wyoming,3894,17.3,76838,1
56035000102.00,Sublette County,Wyoming,5926,10,92695,1
56015957700.00,Goshen County,Wyoming,1796,9.1,69583,1
56015958000.00,Goshen County,Wyoming,3015,12.1,82386,1
55137960100.00,Waushara County,Wisconsin,2927,8.1,78359,1
55137960800.00,Waushara County,Wisconsin,4515,17,56389,1
55135100900.00,Waupaca County,Wisconsin,6103,12.4,76476,1
55135101100.00,Waupaca County,Wisconsin,4988,16.8,58911,1
55125950200.00,Vilas County,Wisconsin,4140,10.8,60857,1
55125950600.00,Vilas County,Wisconsin,3739,8.1,67464,1
55121100600.00,Trempealeau County,Wisconsin,4072,10.2,64091,1
55117000300.00,Sheboygan County,Wisconsin,7111,8.9,62426,1
55117001100.00,Sheboygan County,Wisconsin,3627,7.6,75048,1
55115100500.00,Shawano County,Wisconsin,4899,12.9,56955,1
55115100600.00,Shawano County,Wisconsin,4240,16.2,59539,1
55115100700.00,Shawano County,Wisconsin,3423,12.6,59044,1
55115100900.00,Shawano County,Wisconsin,3820,7.8,72696,1
55113100300.00,Sawyer County,Wisconsin,4584,18.3,50733,1
55113100400.00,Sawyer County,Wisconsin,2205,10.7,68393,1
55113100700.00,Sawyer County,Wisconsin,1654,21.9,44324,1
55111000300.00,Sauk County,Wisconsin,6785,15.7,66220,1
55111000402.00,Sauk County,Wisconsin,3464,11.7,58871,1
55111001001.00,Sauk County,Wisconsin,6742,7.2,74543,1
55101000800.00,Racine County,Wisconsin,4531,13.6,52935,1
55101000904.00,Racine County,Wisconsin,5392,13.9,87941,1
55101001201.00,Racine County,Wisconsin,3744,13.4,57380,1
55101001302.00,Racine County,Wisconsin,3997,27.2,34000,1
55101001502.00,Racine County,Wisconsin,7094,8.4,87193,1
55101001505.00,Racine County,Wisconsin,4432,8.8,82096,1
55101001702.00,Racine County,Wisconsin,6707,8.8,81196,1
55101001706.00,Racine County,Wisconsin,3675,9.5,80131,1
55101001801.00,Racine County,Wisconsin,5198,19.6,78125,1
55101980000.00,Racine County,Wisconsin,727,36.7,,1
55099970600.00,Price County,Wisconsin,2268,10.5,59365,1
55099970700.00,Price County,Wisconsin,2514,11.9,56875,1
55083100500.00,Oconto County,Wisconsin,2218,12.7,56774,1
55083100600.00,Oconto County,Wisconsin,2828,19,53828,1
55079000101.00,Milwaukee County,Wisconsin,4822,32.6,51069,1
55079000201.00,Milwaukee County,Wisconsin,5450,39.5,25811,1
55079000202.00,Milwaukee County,Wisconsin,6101,13.7,65643,1
55079000302.00,Milwaukee County,Wisconsin,3028,21.9,41250,1
55079000304.00,Milwaukee County,Wisconsin,3382,11.8,84643,1
55079000700.00,Milwaukee County,Wisconsin,3580,17.2,54185,1
55079000800.00,Milwaukee County,Wisconsin,5129,25.6,41795,1
55079000900.00,Milwaukee County,Wisconsin,3694,24.7,40729,1
55079021700.00,Milwaukee County,Wisconsin,6142,9.4,75472,1
55079050102.00,Milwaukee County,Wisconsin,6009,15.8,70192,1
55079100600.00,Milwaukee County,Wisconsin,2103,11,65282,1
55079180100.00,Milwaukee County,Wisconsin,3029,18,68333,1
55079180200.00,Milwaukee County,Wisconsin,4536,18.3,61583,1
55079185100.00,Milwaukee County,Wisconsin,4210,17.2,67300,1
55075960200.00,Marinette County,Wisconsin,4232,15.5,51042,1
55075960700.00,Marinette County,Wisconsin,2847,9.9,51136,1
55075961300.00,Marinette County,Wisconsin,3080,13,56852,1
55075961500.00,Marinette County,Wisconsin,3934,20.8,52548,1
55063000500.00,La Crosse County,Wisconsin,4773,66.9,52857,1
55063000600.00,La Crosse County,Wisconsin,2142,19.3,101364,1
55063000900.00,La Crosse County,Wisconsin,3742,15.9,50900,1
55063001000.00,La Crosse County,Wisconsin,3790,18.7,61888,1
55063010101.00,La Crosse County,Wisconsin,5566,7.8,75735,1
55063010300.00,La Crosse County,Wisconsin,4488,7.1,69105,1
55063010500.00,La Crosse County,Wisconsin,5761,7.5,68462,1
55059000300.00,Kenosha County,Wisconsin,4973,24.7,46583,1
55059000400.00,Kenosha County,Wisconsin,3620,10,69886,1
55059000800.00,Kenosha County,Wisconsin,2704,28.1,47679,1
55059000900.00,Kenosha County,Wisconsin,4251,28.7,44688,1
55059001000.00,Kenosha County,Wisconsin,2313,18.6,53063,1
55059001100.00,Kenosha County,Wisconsin,3219,41.7,30881,1
55059001600.00,Kenosha County,Wisconsin,3436,27.2,38625,1
55059001800.00,Kenosha County,Wisconsin,2298,21.2,56213,1
55059001900.00,Kenosha County,Wisconsin,2351,14.3,99063,1
55059002000.00,Kenosha County,Wisconsin,5870,7.1,104563,1
55059002100.00,Kenosha County,Wisconsin,5246,25.5,51894,1
55059002300.00,Kenosha County,Wisconsin,5955,11.9,75625,1
55059002400.00,Kenosha County,Wisconsin,4720,12.8,83361,1
55059002904.00,Kenosha County,Wisconsin,5500,9.7,73013,1
55059002905.00,Kenosha County,Wisconsin,3874,8.3,83689,1
55047100100.00,Green Lake County,Wisconsin,3208,13,60847,1
55029100100.00,Door County,Wisconsin,2212,7.5,71964,1
55029100700.00,Door County,Wisconsin,4707,13.2,65962,1
55029100800.00,Door County,Wisconsin,5263,7.1,63519,1
55025000100.00,Dane County,Wisconsin,2604,7.7,92917,1
55025000407.00,Dane County,Wisconsin,5661,23.3,65227,1
55025000501.00,Dane County,Wisconsin,4670,19.4,83193,1
55025000503.00,Dane County,Wisconsin,7033,8.1,81788,1
55025000600.00,Dane County,Wisconsin,5647,20.2,35906,1
55025001401.00,Dane County,Wisconsin,5941,28,39293,1
55025001403.00,Dane County,Wisconsin,7672,14.5,81633,1
55025001502.00,Dane County,Wisconsin,5399,10.4,64663,1
55025002301.00,Dane County,Wisconsin,2994,25.1,54583,1
55025002401.00,Dane County,Wisconsin,3417,9.9,72267,1
55025002602.00,Dane County,Wisconsin,5576,12.3,68026,1
55025002900.00,Dane County,Wisconsin,3175,11.6,68634,1
55025003001.00,Dane County,Wisconsin,5134,9.1,81638,1
55025011302.00,Dane County,Wisconsin,3015,7.6,84500,1
55025011600.00,Dane County,Wisconsin,6257,7.9,89357,1
55025011800.00,Dane County,Wisconsin,5890,13.4,76552,1
55025012201.00,Dane County,Wisconsin,2001,8.2,66071,1
55025013301.00,Dane County,Wisconsin,4432,13.3,87059,1
55015020304.00,Calumet County,Wisconsin,3827,7.5,63385,1
55015020500.00,Calumet County,Wisconsin,5106,12.1,64338,1
55013970400.00,Burnett County,Wisconsin,3780,11.7,56118,1
55005000500.00,Barron County,Wisconsin,4242,13.5,68025,1
55005000600.00,Barron County,Wisconsin,6182,16.1,63247,1
55005000900.00,Barron County,Wisconsin,5123,7.5,64198,1
55005001002.00,Barron County,Wisconsin,5572,11.6,64481,1
54103004900.00,Wetzel County,West Virginia,3568,23.9,57039,1
54103030500.00,Wetzel County,West Virginia,4215,20.5,48258,1
54103030700.00,Wetzel County,West Virginia,4337,22.1,61136,1
54085962400.00,Ritchie County,West Virginia,3258,18.2,47807,1
54061010400.00,Monongalia County,West Virginia,3891,15.7,72917,1
54061010600.00,Monongalia County,West Virginia,6179,37.4,91842,1
54061010800.00,Monongalia County,West Virginia,4314,21.9,75679,1
54061011000.00,Monongalia County,West Virginia,4659,25.7,49821,1
54061011400.00,Monongalia County,West Virginia,3829,11.8,60833,1
54061011700.00,Monongalia County,West Virginia,3348,8.5,81250,1
54061011805.00,Monongalia County,West Virginia,4256,8.6,81591,1
54061011806.00,Monongalia County,West Virginia,4776,8.1,126667,1
54061012000.00,Monongalia County,West Virginia,5471,20,103359,1
54031970200.00,Hardy County,West Virginia,5110,15.2,52571,1
54031970300.00,Hardy County,West Virginia,4095,12.4,46094,1
54025950200.00,Greenbrier County,West Virginia,3891,25.4,33274,1
54025950400.00,Greenbrier County,West Virginia,7279,13.9,57218,1
54025950500.00,Greenbrier County,West Virginia,3397,13.5,51726,1
54025950600.00,Greenbrier County,West Virginia,4844,13,71447,1
54025950700.00,Greenbrier County,West Virginia,6624,17.9,51649,1
54011001800.00,Cabell County,West Virginia,3856,51.3,22818,1
54011001900.00,Cabell County,West Virginia,2119,14.2,68000,1
54011002100.00,Cabell County,West Virginia,3171,16.9,76071,1
54011010202.00,Cabell County,West Virginia,4069,9.5,69271,1
54011010400.00,Cabell County,West Virginia,6164,10.3,48981,1
54007967900.00,Braxton County,West Virginia,5303,27.4,56325,1
54007968000.00,Braxton County,West Virginia,4596,19.6,52063,1
56043000200.00,Washakie County,Wyoming,3326,9.7,67254,1
53077000800.00,Yakima County,Washington,4495,11.8,72361,1
53077001000.00,Yakima County,Washington,5885,9.9,71250,1
53077001100.00,Yakima County,Washington,6931,9,68710,1
53077001400.00,Yakima County,Washington,3444,30.1,40945,1
53077001602.00,Yakima County,Washington,6854,10.9,68404,1
53077001701.00,Yakima County,Washington,3083,11.5,65536,1
53077002002.00,Yakima County,Washington,8600,24.2,41728,1
53077003001.00,Yakima County,Washington,4584,10.5,78446,1
53077003100.00,Yakima County,Washington,5232,10,67857,1
53077003200.00,Yakima County,Washington,6682,7.2,60500,1
53077003400.00,Yakima County,Washington,4382,11.3,76393,1
53077940001.00,Yakima County,Washington,6409,19.5,59273,1
53077940003.00,Yakima County,Washington,3682,23.4,51875,1
55129950300.00,Washburn County,Wisconsin,2691,11.2,61000,1
55129950500.00,Washburn County,Wisconsin,5100,14.5,63670,1
53075000200.00,Whitman County,Washington,6543,17.3,86792,1
53075000300.00,Whitman County,Washington,4504,17.3,103657,1
53075000400.00,Whitman County,Washington,3738,14.6,77760,1
53075000600.00,Whitman County,Washington,7383,51.2,30781,1
53075000700.00,Whitman County,Washington,3507,7.3,74879,1
53075000800.00,Whitman County,Washington,3521,11.9,83059,1
53075000900.00,Whitman County,Washington,3733,13.8,60393,1
53075001000.00,Whitman County,Washington,2115,10.9,68716,1
55035000302.00,Eau Claire County,Wisconsin,6638,8.7,79018,1
55035000400.00,Eau Claire County,Wisconsin,7259,8.6,73261,1
55035000502.00,Eau Claire County,Wisconsin,4676,8.7,81087,1
55035000600.00,Eau Claire County,Wisconsin,5107,10.2,54375,1
55035000900.00,Eau Claire County,Wisconsin,4815,24.7,87417,1
55035001200.00,Eau Claire County,Wisconsin,5424,56.5,67600,1
55035001300.00,Eau Claire County,Wisconsin,5131,13.3,78693,1
55035001400.00,Eau Claire County,Wisconsin,6896,12.3,69328,1
53073000200.00,Whatcom County,Washington,9737,22.5,55518,1
53073000300.00,Whatcom County,Washington,7430,18.5,68571,1
53073000803.00,Whatcom County,Washington,6275,12.7,78449,1
53073000806.00,Whatcom County,Washington,7983,7.1,84934,1
53073000901.00,Whatcom County,Washington,6638,21,71311,1
53073000902.00,Whatcom County,Washington,5833,8.3,93971,1
53073010100.00,Whatcom County,Washington,7895,27.4,54508,1
53073010302.00,Whatcom County,Washington,4483,8.3,78971,1
53073010403.00,Whatcom County,Washington,5130,11.7,85543,1
53073010502.00,Whatcom County,Washington,7426,19,75061,1
53069950100.00,Wahkiakum County,Washington,3978,7.8,62801,1
53061040200.00,Snohomish County,Washington,5925,26.7,44389,1
53061040900.00,Snohomish County,Washington,2810,9.5,91719,1
53061041201.00,Snohomish County,Washington,3439,12,73485,1
53061041303.00,Snohomish County,Washington,4502,7.6,94241,1
53061041903.00,Snohomish County,Washington,6981,27.6,41966,1
53061051601.00,Snohomish County,Washington,4767,15,76902,1
53061051602.00,Snohomish County,Washington,4129,7.8,90781,1
53061051926.00,Snohomish County,Washington,4611,8,137167,1
53061052107.00,Snohomish County,Washington,3975,7.6,143272,1
53061052209.00,Snohomish County,Washington,5029,22.4,70688,1
53061052402.00,Snohomish County,Washington,3939,12.5,76538,1
53061052504.00,Snohomish County,Washington,2503,7.8,90417,1
53061052705.00,Snohomish County,Washington,7206,7.8,112525,1
53061052806.00,Snohomish County,Washington,7049,7.9,92132,1
53061053301.00,Snohomish County,Washington,6273,11.3,75000,1
53061053507.00,Snohomish County,Washington,4726,7.8,110646,1
53061053509.00,Snohomish County,Washington,3909,9.1,69886,1
53061053803.00,Snohomish County,Washington,5253,8.8,81721,1
53057940500.00,Skagit County,Washington,2467,20.1,51118,1
53057951000.00,Skagit County,Washington,2821,10,73167,1
53057951100.00,Skagit County,Washington,4715,22.1,54278,1
53057951400.00,Skagit County,Washington,4029,11.1,69705,1
53057951500.00,Skagit County,Washington,9326,10.6,65792,1
53057951600.00,Skagit County,Washington,4352,18.4,70192,1
53057952301.00,Skagit County,Washington,4562,24.6,47813,1
53057952302.00,Skagit County,Washington,8722,10.8,77009,1
53057952402.00,Skagit County,Washington,7408,8.7,72105,1
53057952600.00,Skagit County,Washington,3821,9.3,82991,1
53051970200.00,Pend Oreille County,Washington,2649,11.7,54290,1
53051970400.00,Pend Oreille County,Washington,2682,18.7,51500,1
53049950400.00,Pacific County,Washington,3921,13.7,66000,1
53049950800.00,Pacific County,Washington,2374,17.2,54583,1
53039950100.00,Klickitat County,Washington,8325,17.5,62730,1
53037975100.00,Kittitas County,Washington,6339,13.1,65431,1
53037975401.00,Kittitas County,Washington,7501,45,65792,1
53037975402.00,Kittitas County,Washington,4855,18.5,82568,1
53037975500.00,Kittitas County,Washington,5753,22.6,66442,1
53037975700.00,Kittitas County,Washington,4255,7.5,67232,1
53035080400.00,Kitsap County,Washington,3361,13.4,93333,1
53035080500.00,Kitsap County,Washington,2900,23.7,59583,1
53035080700.00,Kitsap County,Washington,3236,12.1,69605,1
53035080900.00,Kitsap County,Washington,4430,15.9,66379,1
53035081000.00,Kitsap County,Washington,3652,23.3,61695,1
53035090300.00,Kitsap County,Washington,6054,11.2,55409,1
53035090400.00,Kitsap County,Washington,4574,9,96953,1
53035091201.00,Kitsap County,Washington,3886,7.2,80000,1
53035091700.00,Kitsap County,Washington,7944,7.5,84244,1
53035091900.00,Kitsap County,Washington,4160,7.9,72292,1
53035092100.00,Kitsap County,Washington,6565,9.2,89309,1
53035092200.00,Kitsap County,Washington,6804,20.8,70517,1
53035092400.00,Kitsap County,Washington,6029,10.6,55404,1
53035092500.00,Kitsap County,Washington,5609,12.8,76010,1
53035092600.00,Kitsap County,Washington,6035,16.4,79972,1
53035092803.00,Kitsap County,Washington,2788,12.6,90972,1
53035092902.00,Kitsap County,Washington,5422,15.3,75625,1
53035940000.00,Kitsap County,Washington,3500,9.4,86307,1
53029970200.00,Island County,Washington,1633,38.7,47946,1
53029970400.00,Island County,Washington,6131,12,67962,1
53029970900.00,Island County,Washington,4801,10.4,46659,1
53027000300.00,Grays Harbor County,Washington,3334,11.9,60259,1
53027000800.00,Grays Harbor County,Washington,4055,15.9,76500,1
53027000900.00,Grays Harbor County,Washington,6252,22,42692,1
53027001100.00,Grays Harbor County,Washington,4284,13.3,79570,1
53027001400.00,Grays Harbor County,Washington,2096,23,45000,1
53027001500.00,Grays Harbor County,Washington,3906,17.7,66186,1
53027940000.00,Grays Harbor County,Washington,1218,26,53906,1
53019940000.00,Ferry County,Washington,1731,27.7,42639,1
53019970100.00,Ferry County,Washington,2694,16,53333,1
53007960100.00,Chelan County,Washington,2369,19.8,53636,1
53007960200.00,Chelan County,Washington,6251,11,70119,1
53007960600.00,Chelan County,Washington,4064,10.4,63589,1
53007961100.00,Chelan County,Washington,9596,9.5,63154,1
53007961302.00,Chelan County,Washington,7921,10.1,72938,1
53003960100.00,Asotin County,Washington,4304,10.2,81118,1
51840000201.00,Winchester city,Virginia,3417,12.6,81625,1
51840000302.00,Winchester city,Virginia,5327,12.1,76983,1
51770000100.00,Roanoke city,Virginia,3794,24.1,46506,1
51770000500.00,Roanoke city,Virginia,4615,18.8,43976,1
51770000601.00,Roanoke city,Virginia,4905,12,56218,1
51770000602.00,Roanoke city,Virginia,3508,19.4,51875,1
51770002100.00,Roanoke city,Virginia,3468,8.7,79784,1
51770002300.00,Roanoke city,Virginia,6971,18.7,56212,1
51770002500.00,Roanoke city,Virginia,5641,46.6,29797,1
51770002600.00,Roanoke city,Virginia,3215,40.5,32679,1
51770002700.00,Roanoke city,Virginia,5395,21.1,42241,1
51770002800.00,Roanoke city,Virginia,5414,13.6,52422,1
51750010101.00,Radford city,Virginia,4148,61.7,56774,1
51750010102.00,Radford city,Virginia,5672,49.2,100446,1
51750010200.00,Radford city,Virginia,6588,12.3,58093,1
51730810100.00,Petersburg city,Virginia,2934,40.4,28533,1
51730810300.00,Petersburg city,Virginia,2613,22.3,45685,1
51730810400.00,Petersburg city,Virginia,1384,37.1,33667,1
51730810500.00,Petersburg city,Virginia,4455,28.9,40667,1
51730810600.00,Petersburg city,Virginia,1884,39,30000,1
51730810700.00,Petersburg city,Virginia,2223,33,45568,1
51730811000.00,Petersburg city,Virginia,4263,20.3,64397,1
51730811300.00,Petersburg city,Virginia,2565,28.1,44635,1
51690000100.00,Martinsville city,Virginia,3518,30.6,29876,1
51690000400.00,Martinsville city,Virginia,2648,34.4,31438,1
51690000500.00,Martinsville city,Virginia,2907,10.6,81988,1
51683910202.00,Manassas city,Virginia,7678,9.4,78750,1
51680000100.00,Lynchburg city,Virginia,4490,7.9,101890,1
51680000300.00,Lynchburg city,Virginia,3933,13.8,68603,1
51680000400.00,Lynchburg city,Virginia,3099,30.4,34943,1
51680000802.00,Lynchburg city,Virginia,2870,19.7,52096,1
51680000900.00,Lynchburg city,Virginia,6140,28.1,57675,1
51680001600.00,Lynchburg city,Virginia,7097,28.2,43051,1
51680001700.00,Lynchburg city,Virginia,4871,15.4,80179,1
51680001900.00,Lynchburg city,Virginia,5341,31.5,33291,1
51670820100.00,Hopewell city,Virginia,1555,20.7,53459,1
51670820400.00,Hopewell city,Virginia,5317,17.4,74604,1
51670820500.00,Hopewell city,Virginia,4891,9.9,45543,1
51670820600.00,Hopewell city,Virginia,5674,24.9,42385,1
51630000400.00,Fredericksburg city,Virginia,3143,17.3,76250,1
51630000500.00,Fredericksburg city,Virginia,5845,10.8,90213,1
51600300200.00,Fairfax city,Virginia,4775,8,164857,1
51580060100.00,Covington city,Virginia,3098,21.7,49107,1
51550020002.00,Chesapeake city,Virginia,4607,11.5,61667,1
51550020003.00,Chesapeake city,Virginia,5634,19.7,54989,1
51550020100.00,Chesapeake city,Virginia,4532,37.5,34375,1
51550020200.00,Chesapeake city,Virginia,4121,20.6,46906,1
51550020300.00,Chesapeake city,Virginia,1695,23.1,41520,1
51550020400.00,Chesapeake city,Virginia,2973,13,54310,1
51550020904.00,Chesapeake city,Virginia,8638,10,77760,1
51550021402.00,Chesapeake city,Virginia,6317,13.8,73389,1
51550021403.00,Chesapeake city,Virginia,4890,11,54110,1
51550021404.00,Chesapeake city,Virginia,7671,15.8,61494,1
51550021501.00,Chesapeake city,Virginia,10150,13.6,82877,1
51550021601.00,Chesapeake city,Virginia,8183,11.7,111726,1
51520020200.00,Bristol city,Virginia,5331,32.5,51540,1
51520020300.00,Bristol city,Virginia,2864,33.4,35682,1
51520020400.00,Bristol city,Virginia,5787,9.1,68115,1
51197050200.00,Wythe County,Virginia,6773,20.3,67545,1
51177020108.00,Spotsylvania County,Virginia,4096,12.2,76169,1
51177020110.00,Spotsylvania County,Virginia,3721,16.9,64821,1
51177020114.00,Spotsylvania County,Virginia,5770,11.1,107948,1
51177020201.00,Spotsylvania County,Virginia,5843,13.3,89125,1
51177020204.00,Spotsylvania County,Virginia,3963,7.3,110395,1
51177020310.00,Spotsylvania County,Virginia,4251,9.9,96304,1
51173030302.00,Smyth County,Virginia,3913,11.2,48467,1
51171040100.00,Shenandoah County,Virginia,9068,10.8,61216,1
51163930100.00,Rockbridge County,Virginia,7348,17,67202,1
51163930200.00,Rockbridge County,Virginia,4580,12.9,61167,1
51163930300.00,Rockbridge County,Virginia,6434,12.2,70696,1
51163930400.00,Rockbridge County,Virginia,3945,11.5,52788,1
51161030300.00,Roanoke County,Virginia,7123,7.2,78105,1
51153900408.00,Prince William County,Virginia,4279,7.8,92006,1
51153900409.00,Prince William County,Virginia,4634,19.2,82079,1
51153900410.00,Prince William County,Virginia,4659,9.5,94917,1
51153900702.00,Prince William County,Virginia,7355,9.6,101270,1
51153900904.00,Prince William County,Virginia,5177,10.4,121875,1
51153900905.00,Prince William County,Virginia,4964,9.2,124444,1
51153901001.00,Prince William County,Virginia,6228,8.7,103281,1
51153901008.00,Prince William County,Virginia,5956,11.1,90558,1
51153901223.00,Prince William County,Virginia,6265,9.8,100195,1
51153901414.00,Prince William County,Virginia,4809,10.4,128611,1
51153901601.00,Prince William County,Virginia,3552,12,85245,1
51153901602.00,Prince William County,Virginia,7539,8.7,75536,1
51153901701.00,Prince William County,Virginia,7943,7.9,70598,1
51153901702.00,Prince William County,Virginia,3806,9.9,92740,1
51153901900.00,Prince William County,Virginia,5383,22.3,60871,1
51147930202.00,Prince Edward County,Virginia,3571,17.5,68158,1
51147930300.00,Prince Edward County,Virginia,7053,16.7,57817,1
51143010300.00,Pittsylvania County,Virginia,4193,13,48057,1
51143010400.00,Pittsylvania County,Virginia,4054,18.2,55034,1
51143010700.00,Pittsylvania County,Virginia,1833,18.2,59432,1
51143010802.00,Pittsylvania County,Virginia,6369,21.2,50991,1
51143011200.00,Pittsylvania County,Virginia,2318,22.3,48520,1
51143011300.00,Pittsylvania County,Virginia,6182,13.4,61958,1
51107611002.00,Loudoun County,Virginia,3869,10.6,84543,1
51093280103.00,Isle of Wight County,Virginia,6690,7.3,93000,1
51093280106.00,Isle of Wight County,Virginia,2763,8.3,114091,1
51087200104.00,Henrico County,Virginia,5186,8,73750,1
51087200123.00,Henrico County,Virginia,3032,13.8,65772,1
51087200404.00,Henrico County,Virginia,2959,15.5,63932,1
51087200414.00,Henrico County,Virginia,5815,7.4,97528,1
51087200805.00,Henrico County,Virginia,4091,40.3,27192,1
51087200903.00,Henrico County,Virginia,6706,8.5,70911,1
51087200906.00,Henrico County,Virginia,4300,10.7,87457,1
51087201001.00,Henrico County,Virginia,5847,7.9,95603,1
51087201003.00,Henrico County,Virginia,6020,20.9,62828,1
51087201201.00,Henrico County,Virginia,6503,15.2,62734,1
51087201403.00,Henrico County,Virginia,5816,16.9,62576,1
51087201501.00,Henrico County,Virginia,9872,19.6,76365,1
51087201701.00,Henrico County,Virginia,3810,7.1,57102,1
51059415500.00,Fairfax County,Virginia,5806,9.8,155256,1
51059420300.00,Fairfax County,Virginia,5814,7.1,161319,1
51059421002.00,Fairfax County,Virginia,4947,7.9,131979,1
51059431600.00,Fairfax County,Virginia,8219,11.5,106153,1
51059432800.00,Fairfax County,Virginia,2241,9,113500,1
51059440202.00,Fairfax County,Virginia,5815,16.3,90833,1
51059452101.00,Fairfax County,Virginia,4864,11.6,128468,1
51059452600.00,Fairfax County,Virginia,6116,14.4,95633,1
51059461901.00,Fairfax County,Virginia,3708,8.3,128173,1
51059461902.00,Fairfax County,Virginia,1775,23.1,38077,1
51059481900.00,Fairfax County,Virginia,5567,7.7,160000,1
51059482100.00,Fairfax County,Virginia,3240,17.2,99706,1
51059490103.00,Fairfax County,Virginia,5511,10,111685,1
51059491103.00,Fairfax County,Virginia,6424,9.8,95896,1
51059491301.00,Fairfax County,Virginia,6677,8.3,115409,1
51059491602.00,Fairfax County,Virginia,5210,8.6,110278,1
51053840100.00,Dinwiddie County,Virginia,5720,9.2,65759,1
51053840300.00,Dinwiddie County,Virginia,6476,12.2,58956,1
51047930300.00,Culpeper County,Virginia,6532,16.7,73998,1
51047930502.00,Culpeper County,Virginia,4805,14.2,62335,1
51029930101.00,Buckingham County,Virginia,3945,20.7,53826,1
51029930202.00,Buckingham County,Virginia,4455,14.4,65757,1
51023040100.00,Botetourt County,Virginia,3498,16.9,63884,1
51023040200.00,Botetourt County,Virginia,4294,8,68960,1
51023040402.00,Botetourt County,Virginia,4898,10,84761,1
51021040100.00,Bland County,Virginia,3901,8.9,66957,1
51015070500.00,Augusta County,Virginia,5240,11.7,65781,1
51015071000.00,Augusta County,Virginia,5939,17.6,67569,1
51011040300.00,Appomattox County,Virginia,4321,16.7,73542,1
51007930100.00,Amelia County,Virginia,6913,13.5,71635,1
51007930200.00,Amelia County,Virginia,5777,13.2,75804,1
51001090600.00,Accomack County,Virginia,4401,16.3,56893,1
53009000200.00,Clallam County,Washington,1783,10.5,72269,1
53009000300.00,Clallam County,Washington,4695,30.3,47689,1
53009000400.00,Clallam County,Washington,1758,18.8,67788,1
53009000600.00,Clallam County,Washington,3370,14.6,73352,1
53009000700.00,Clallam County,Washington,3534,28.5,66250,1
53009000800.00,Clallam County,Washington,4181,18,56385,1
53009001200.00,Clallam County,Washington,3771,19.4,73250,1
53009001500.00,Clallam County,Washington,2072,9.6,76198,1
53009001900.00,Clallam County,Washington,5693,7.3,80947,1
53009002000.00,Clallam County,Washington,5202,8.1,77885,1
53009002300.00,Clallam County,Washington,3983,16,71741,1
50021962700.00,Rutland County,Vermont,4054,7,99728,1
50021963200.00,Rutland County,Vermont,3174,9.1,69239,1
50021963300.00,Rutland County,Vermont,5542,24.7,42431,1
50021963700.00,Rutland County,Vermont,2734,14.7,54348,1
50021964200.00,Rutland County,Vermont,1566,10.9,68480,1
50005957800.00,Caledonia County,Vermont,2928,12.4,70104,1
50003971100.00,Bennington County,Vermont,4727,14.9,60847,1
49057200100.00,Weber County,Utah,4306,11.8,67375,1
49057200204.00,Weber County,Utah,4592,16.4,63070,1
49057200300.00,Weber County,Utah,6790,21.2,62401,1
49057201500.00,Weber County,Utah,4054,15.9,82200,1
49057201900.00,Weber County,Utah,1382,22.8,41932,1
49057210304.00,Weber County,Utah,3552,15.2,87865,1
49057210506.00,Weber County,Utah,10379,9.5,74045,1
49057210600.00,Weber County,Utah,6643,16.6,67380,1
49057211100.00,Weber County,Utah,5785,10.2,66273,1
49049000102.00,Utah County,Utah,4488,11.5,82872,1
49049000505.00,Utah County,Utah,3049,7.8,94200,1
49049000603.00,Utah County,Utah,3976,9.9,85284,1
49049001105.00,Utah County,Utah,3564,16.4,73125,1
49049001106.00,Utah County,Utah,2946,9.1,70000,1
49049001401.00,Utah County,Utah,3797,17,101625,1
49049001602.00,Utah County,Utah,3729,75.9,23333,1
49049001603.00,Utah County,Utah,4328,60,20012,1
49049001701.00,Utah County,Utah,3625,14.8,76953,1
49049001702.00,Utah County,Utah,4586,41,48500,1
49049002201.00,Utah County,Utah,4972,9.7,82900,1
49049002204.00,Utah County,Utah,3688,10.4,81654,1
49049002205.00,Utah County,Utah,4129,11.8,59958,1
49049002206.00,Utah County,Utah,3296,9.3,72831,1
49049002207.00,Utah County,Utah,3604,12.2,63203,1
49049002500.00,Utah County,Utah,4297,24.8,32151,1
49049002701.00,Utah County,Utah,3160,19.4,50221,1
49049002702.00,Utah County,Utah,4428,8.3,74167,1
49049002802.00,Utah County,Utah,1446,32.8,34432,1
49049002902.00,Utah County,Utah,3616,12.2,56909,1
49049003106.00,Utah County,Utah,2723,10,61154,1
49049003300.00,Utah County,Utah,6042,9,70696,1
49049003402.00,Utah County,Utah,6035,10.1,73295,1
49049010104.00,Utah County,Utah,6999,8.1,74937,1
49049010214.00,Utah County,Utah,6084,11,91234,1
49049010220.00,Utah County,Utah,5972,13,101761,1
49049010410.00,Utah County,Utah,3239,7.8,81167,1
49049010505.00,Utah County,Utah,3972,7.6,67745,1
49049010506.00,Utah County,Utah,1829,15.5,63750,1
49049010700.00,Utah County,Utah,4853,7.1,80346,1
49045130600.00,Tooele County,Utah,2477,24.6,50417,1
49045130800.00,Tooele County,Utah,5366,8.4,82000,1
49045131002.00,Tooele County,Utah,8322,11,59761,1
49039972200.00,Sanpete County,Utah,3770,16.3,56940,1
49039972300.00,Sanpete County,Utah,5440,7.9,63712,1
49033950100.00,Rich County,Utah,2264,15.9,63500,1
49031960100.00,Piute County,Utah,1556,17.1,44167,1
49027974100.00,Millard County,Utah,4827,14,71438,1
49027974300.00,Millard County,Utah,4639,8.7,62875,1
49015976300.00,Emery County,Utah,3329,11.7,66328,1
49015976500.00,Emery County,Utah,3462,16,55917,1
49005000102.00,Cache County,Utah,1563,8.8,68438,1
49005000202.00,Cache County,Utah,6953,9,72128,1
49005000403.00,Cache County,Utah,5754,8.2,79622,1
49005000701.00,Cache County,Utah,4520,12.8,94079,1
49005001001.00,Cache County,Utah,3026,12.6,59853,1
49005001102.00,Cache County,Utah,4230,8,92829,1
49005001402.00,Cache County,Utah,3665,14.2,67277,1
48507950100.00,Zavala County,Texas,1232,54.1,,1
48507950200.00,Zavala County,Texas,1880,29.4,36379,1
48507950302.00,Zavala County,Texas,6311,30.1,35536,1
48505950302.00,Zapata County,Texas,4024,20.9,39177,1
48505950400.00,Zapata County,Texas,5610,48.9,31151,1
48503950200.00,Young County,Texas,4493,10.5,64527,1
48503950400.00,Young County,Texas,5720,11.7,70614,1
48503950500.00,Young County,Texas,2755,17.1,36367,1
48503950600.00,Young County,Texas,5582,11.3,57788,1
48501950200.00,Yoakum County,Texas,5854,9,79508,1
48497150200.00,Wise County,Texas,6225,20.6,56912,1
48497150402.00,Wise County,Texas,5514,8,83278,1
48497150500.00,Wise County,Texas,5950,19.3,57419,1
51195930900.00,Wise County,Virginia,4504,14.8,42024,1
51195931400.00,Wise County,Virginia,5258,12.9,63622,1
51195931500.00,Wise County,Virginia,5062,34.5,38802,1
48489950300.00,Willacy County,Texas,5320,44.7,23830,1
48489950400.00,Willacy County,Texas,8299,27.8,35027,1
48489950500.00,Willacy County,Texas,3406,23.9,43431,1
48481740200.00,Wharton County,Texas,1565,14.9,63077,1
48481740400.00,Wharton County,Texas,5924,19,53278,1
48481740600.00,Wharton County,Texas,3788,14.4,72885,1
48479001402.00,Webb County,Texas,3425,47.3,35781,1
48479001601.00,Webb County,Texas,4025,17.1,46371,1
48479001602.00,Webb County,Texas,3799,11.6,86921,1
48479001709.00,Webb County,Texas,5929,16.8,105819,1
48479001710.00,Webb County,Texas,2058,14.8,60278,1
48479001711.00,Webb County,Texas,5208,12.8,58862,1
48479001714.00,Webb County,Texas,3731,8.6,110845,1
48479001715.00,Webb County,Texas,6486,12.4,54773,1
48479001716.00,Webb County,Texas,6221,15.8,58625,1
48479001717.00,Webb County,Texas,3714,46.2,26324,1
48479001719.00,Webb County,Texas,3218,14.8,58917,1
48479001806.00,Webb County,Texas,4549,33.8,32152,1
48479001808.00,Webb County,Texas,7117,45.2,30244,1
48479001809.00,Webb County,Texas,6425,46.3,36979,1
48479001810.00,Webb County,Texas,4677,18.1,61705,1
48479001812.00,Webb County,Texas,8059,23.2,50510,1
48479001816.00,Webb County,Texas,4689,22.1,53452,1
48479001818.00,Webb County,Texas,3284,59,21858,1
48479001900.00,Webb County,Texas,3795,41.6,33385,1
48469000100.00,Victoria County,Texas,2215,22,51774,1
48469000301.00,Victoria County,Texas,2002,32.9,35875,1
48469000302.00,Victoria County,Texas,2365,20.7,33894,1
48469000400.00,Victoria County,Texas,1689,17.1,76938,1
48469000800.00,Victoria County,Texas,1928,7.1,73594,1
48469001300.00,Victoria County,Texas,2156,10.1,80000,1
48469001504.00,Victoria County,Texas,6704,7.6,94804,1
48469001604.00,Victoria County,Texas,6195,10.7,83079,1
48469001700.00,Victoria County,Texas,4292,17.5,45882,1
48467950400.00,Van Zandt County,Texas,4880,11,58917,1
48467950500.00,Van Zandt County,Texas,4493,22.4,51141,1
48467950700.00,Van Zandt County,Texas,4052,11,54070,1
48467950800.00,Van Zandt County,Texas,5828,17.6,61971,1
48467950900.00,Van Zandt County,Texas,7240,14.5,73086,1
48467951000.00,Van Zandt County,Texas,6151,12.4,63560,1
48463950100.00,Uvalde County,Texas,3257,14.3,45208,1
48463950200.00,Uvalde County,Texas,7740,27,53859,1
48463950300.00,Uvalde County,Texas,6519,8.1,55293,1
48463950500.00,Uvalde County,Texas,5875,15.9,47784,1
48457950100.00,Tyler County,Texas,2985,10.8,57303,1
48457950300.00,Tyler County,Texas,2522,24.1,61818,1
48457950400.00,Tyler County,Texas,5359,20.9,42941,1
48457950500.00,Tyler County,Texas,3005,12,68750,1
48453000601.00,Travis County,Texas,9207,65.3,45156,1
48453001729.00,Travis County,Texas,4607,9.1,62727,1
48453001741.00,Travis County,Texas,3645,7.9,129653,1
48453001745.00,Travis County,Texas,2322,10,111364,1
48453001821.00,Travis County,Texas,5204,12.5,58990,1
48453001834.00,Travis County,Texas,8204,11.2,70192,1
48453001840.00,Travis County,Texas,9004,14.6,66050,1
48453001841.00,Travis County,Texas,16495,7,77620,1
48453001844.00,Travis County,Texas,3668,10.6,58036,1
48453001847.00,Travis County,Texas,6752,9.1,94848,1
48453001851.00,Travis County,Texas,9078,13.8,89511,1
48453001857.00,Travis County,Texas,5623,8.8,74583,1
48453001860.00,Travis County,Texas,3859,12.9,58792,1
48453001862.00,Travis County,Texas,5705,7.6,98375,1
48453001863.00,Travis County,Texas,3401,19,40274,1
48453001864.00,Travis County,Texas,2814,10.9,68802,1
48453001915.00,Travis County,Texas,1469,11.7,87240,1
48453002108.00,Travis County,Texas,3143,15.1,61953,1
48453002109.00,Travis County,Texas,3830,19,64722,1
48453002110.00,Travis County,Texas,4222,24.3,44167,1
48453002111.00,Travis County,Texas,4747,28.5,38430,1
48453002202.00,Travis County,Texas,8039,35.1,41323,1
48453002207.00,Travis County,Texas,8379,10.4,59303,1
48453002208.00,Travis County,Texas,7525,24.6,46667,1
48453002211.00,Travis County,Texas,2220,14.5,76875,1
48453002307.00,Travis County,Texas,5270,17.7,53958,1
48453002310.00,Travis County,Texas,3242,26,45745,1
48453002313.00,Travis County,Texas,4311,25.1,29966,1
48453002319.00,Travis County,Texas,1945,87.1,,1
48453002407.00,Travis County,Texas,4491,8.4,92541,1
48453002411.00,Travis County,Texas,6161,26.7,41496,1
48453002421.00,Travis County,Texas,7443,13.7,66864,1
48453002427.00,Travis County,Texas,7995,16.7,58044,1
48453002430.00,Travis County,Texas,3422,26.2,52399,1
48453002500.00,Travis County,Texas,5163,8.5,105352,1
48451000100.00,Tom Green County,Texas,2443,15.3,59004,1
48451000200.00,Tom Green County,Texas,4447,12.8,47378,1
48451000300.00,Tom Green County,Texas,5309,8.9,60568,1
48451000700.00,Tom Green County,Texas,4228,30,35102,1
48451000801.00,Tom Green County,Texas,4275,11.1,73357,1
48451000802.00,Tom Green County,Texas,4250,19.3,50243,1
48451001200.00,Tom Green County,Texas,7418,18.5,59368,1
48451001301.00,Tom Green County,Texas,7011,11,71218,1
48451001400.00,Tom Green County,Texas,5034,21.4,42719,1
48451001600.00,Tom Green County,Texas,4769,12,83021,1
48449950100.00,Titus County,Texas,2102,13.6,47670,1
48449950300.00,Titus County,Texas,8215,25.7,54559,1
48449950600.00,Titus County,Texas,4516,15,48524,1
48447950300.00,Throckmorton County,Texas,1641,14.7,64231,1
48445950100.00,Terry County,Texas,2510,13.7,62311,1
48445950300.00,Terry County,Texas,2619,27.7,40625,1
48445950400.00,Terry County,Texas,7522,13.5,56354,1
48439100101.00,Tarrant County,Texas,5882,13.8,59428,1
48439100501.00,Tarrant County,Texas,9707,21.2,33973,1
48439100502.00,Tarrant County,Texas,7491,23.3,43929,1
48439100601.00,Tarrant County,Texas,2027,13.6,82292,1
48439100602.00,Tarrant County,Texas,3759,10.3,60868,1
48439100700.00,Tarrant County,Texas,4847,19.5,47585,1
48439101301.00,Tarrant County,Texas,5053,21.7,56835,1
48439101302.00,Tarrant County,Texas,2801,33.3,40950,1
48439101401.00,Tarrant County,Texas,4931,12.8,68859,1
48439101500.00,Tarrant County,Texas,4328,27.2,41273,1
48439101700.00,Tarrant County,Texas,2620,70.6,15500,1
48439102100.00,Tarrant County,Texas,4782,14.1,110795,1
48439102201.00,Tarrant County,Texas,3344,13.1,98750,1
48439102302.00,Tarrant County,Texas,5551,16.6,45046,1
48439102700.00,Tarrant County,Texas,3179,10.8,94659,1
48439103500.00,Tarrant County,Texas,5851,31.1,36325,1
48439103602.00,Tarrant County,Texas,2105,37.2,37986,1
48439103800.00,Tarrant County,Texas,3559,46,25280,1
48439104100.00,Tarrant County,Texas,3468,11.7,94018,1
48439104602.00,Tarrant County,Texas,4751,42.9,37134,1
48439104605.00,Tarrant County,Texas,4131,29.6,42266,1
48439104900.00,Tarrant County,Texas,2711,17.3,48068,1
48439105006.00,Tarrant County,Texas,870,17.8,59821,1
48439105007.00,Tarrant County,Texas,4557,10,57370,1
48439105008.00,Tarrant County,Texas,7381,10.7,67682,1
48439105205.00,Tarrant County,Texas,4502,27.8,32048,1
48439105503.00,Tarrant County,Texas,5787,11.1,79609,1
48439105512.00,Tarrant County,Texas,4187,10.7,76193,1
48439106001.00,Tarrant County,Texas,7483,14.5,54080,1
48439106002.00,Tarrant County,Texas,3463,26.6,40083,1
48439106004.00,Tarrant County,Texas,5273,16.8,53769,1
48439106101.00,Tarrant County,Texas,1629,26.9,37313,1
48439106102.00,Tarrant County,Texas,3671,29.9,39036,1
48439106201.00,Tarrant County,Texas,3467,15.5,44133,1
48439106202.00,Tarrant County,Texas,4399,36.8,29547,1
48439106300.00,Tarrant County,Texas,3001,29.9,39970,1
48439106502.00,Tarrant County,Texas,2405,8.7,49145,1
48439106503.00,Tarrant County,Texas,5065,15.9,49909,1
48439106507.00,Tarrant County,Texas,1900,11,70474,1
48439106511.00,Tarrant County,Texas,6634,22.2,47122,1
48439106512.00,Tarrant County,Texas,4423,23.4,72629,1
48439106513.00,Tarrant County,Texas,2935,18.3,56346,1
48439106514.00,Tarrant County,Texas,4943,17,63375,1
48439106515.00,Tarrant County,Texas,3824,20.3,44595,1
48439106516.00,Tarrant County,Texas,5327,27.8,40030,1
48439106517.00,Tarrant County,Texas,7387,13.7,67702,1
48439106518.00,Tarrant County,Texas,3115,9.9,58385,1
48439110202.00,Tarrant County,Texas,3808,11.5,55074,1
48439110203.00,Tarrant County,Texas,8748,15.3,62188,1
48439110204.00,Tarrant County,Texas,6716,9.1,56165,1
48439110402.00,Tarrant County,Texas,4686,18.7,55234,1
48439110500.00,Tarrant County,Texas,7885,11.6,60379,1
48439110600.00,Tarrant County,Texas,2472,7.4,74792,1
48439110701.00,Tarrant County,Texas,6855,15.3,58023,1
48439110703.00,Tarrant County,Texas,4726,11.6,67143,1
48439110704.00,Tarrant County,Texas,4535,14,56120,1
48439110805.00,Tarrant County,Texas,6058,9.6,75363,1
48439111005.00,Tarrant County,Texas,9204,22.4,56350,1
48439111012.00,Tarrant County,Texas,8234,14,69457,1
48439111013.00,Tarrant County,Texas,7863,9.5,68424,1
48439111102.00,Tarrant County,Texas,5697,23.7,48393,1
48439111103.00,Tarrant County,Texas,3968,34,33636,1
48439111104.00,Tarrant County,Texas,2820,13.9,57455,1
48439111202.00,Tarrant County,Texas,6095,22.9,43059,1
48439111203.00,Tarrant County,Texas,5564,15.8,79643,1
48439111306.00,Tarrant County,Texas,4718,7.5,86451,1
48439111310.00,Tarrant County,Texas,7937,17.3,76847,1
48439111402.00,Tarrant County,Texas,5939,11.3,88821,1
48439111404.00,Tarrant County,Texas,8336,9.3,77244,1
48439111407.00,Tarrant County,Texas,3241,10.5,110709,1
48439111506.00,Tarrant County,Texas,5781,10.7,65164,1
48439111514.00,Tarrant County,Texas,6602,8,70670,1
48439111522.00,Tarrant County,Texas,7592,20.2,48205,1
48439111523.00,Tarrant County,Texas,8743,24.7,53836,1
48439111524.00,Tarrant County,Texas,7886,16.5,45089,1
48439111525.00,Tarrant County,Texas,6428,22.4,62651,1
48439111536.00,Tarrant County,Texas,3327,18.4,66985,1
48439111539.00,Tarrant County,Texas,8945,7,98293,1
48439111545.00,Tarrant County,Texas,2442,12.4,146053,1
48439111550.00,Tarrant County,Texas,12483,8.6,87122,1
48439113002.00,Tarrant County,Texas,6606,17.4,50459,1
48439113102.00,Tarrant County,Texas,4575,12.3,94524,1
48439113108.00,Tarrant County,Texas,4400,9,125150,1
48439113109.00,Tarrant County,Texas,3942,17.5,74550,1
48439113113.00,Tarrant County,Texas,3625,9.1,81792,1
48439113116.00,Tarrant County,Texas,3783,10,47813,1
48439113214.00,Tarrant County,Texas,4761,12.9,74861,1
48439113215.00,Tarrant County,Texas,4796,9,70990,1
48439113216.00,Tarrant County,Texas,5299,15.3,65962,1
48439113217.00,Tarrant County,Texas,4500,7.8,78125,1
48439113220.00,Tarrant County,Texas,6271,16.3,44775,1
48439113513.00,Tarrant County,Texas,5381,7.2,75382,1
48439113514.00,Tarrant County,Texas,5020,23.5,46000,1
48439113518.00,Tarrant County,Texas,5258,11.3,56086,1
48439113619.00,Tarrant County,Texas,4677,15.3,54263,1
48439113631.00,Tarrant County,Texas,6464,15,70647,1
48439113705.00,Tarrant County,Texas,5597,11.1,62712,1
48439113710.00,Tarrant County,Texas,3758,7.8,71694,1
48439113809.00,Tarrant County,Texas,4700,8.8,67392,1
48439113810.00,Tarrant County,Texas,4538,9.5,67045,1
48439113924.00,Tarrant County,Texas,4512,13.2,74583,1
48439114006.00,Tarrant County,Texas,6556,8.7,78347,1
48439114008.00,Tarrant County,Texas,11631,10.3,73737,1
48439114204.00,Tarrant County,Texas,5893,7.9,73523,1
48439114205.00,Tarrant County,Texas,3106,12.1,76326,1
48439114206.00,Tarrant County,Texas,4468,11.8,112500,1
48439122300.00,Tarrant County,Texas,4112,51,35625,1
48439122400.00,Tarrant County,Texas,5760,39.8,52656,1
48439123100.00,Tarrant County,Texas,3012,52,28625,1
48439123200.00,Tarrant County,Texas,1896,12,,1
48439123300.00,Tarrant County,Texas,4539,8.9,119219,1
48439123400.00,Tarrant County,Texas,2025,19.7,79519,1
48439123500.00,Tarrant County,Texas,3048,38.9,38777,1
48439123600.00,Tarrant County,Texas,2598,38.2,35208,1
48435950300.00,Sutton County,Texas,4128,8.3,63849,1
51830370100.00,Williamsburg city,Virginia,4138,20.1,127875,1
51830370200.00,Williamsburg city,Virginia,2708,21.4,48750,1
48415950300.00,Scurry County,Texas,5795,9.3,81051,1
48407200102.00,San Jacinto County,Texas,10069,12.4,62692,1
48405950100.00,San Augustine County,Texas,3473,19,52708,1
48405950300.00,San Augustine County,Texas,2660,27.1,41875,1
48401950501.00,Rusk County,Texas,5138,15.8,53397,1
48401950600.00,Rusk County,Texas,2226,8.5,77350,1
48401950700.00,Rusk County,Texas,5512,14.3,50347,1
48401951100.00,Rusk County,Texas,2799,12.4,43348,1
48401951200.00,Rusk County,Texas,2730,11.1,53547,1
55107960100.00,Rusk County,Wisconsin,3792,11.9,54659,1
55107960200.00,Rusk County,Wisconsin,2028,12.8,56908,1
55107960300.00,Rusk County,Wisconsin,2245,13.2,61719,1
55107960400.00,Rusk County,Wisconsin,2981,12.2,54958,1
55107960500.00,Rusk County,Wisconsin,3709,19.4,50179,1
48397040301.00,Rockwall County,Texas,5558,10.5,84351,1
48397040503.00,Rockwall County,Texas,6861,14.2,75493,1
48389950200.00,Reeves County,Texas,2392,22.5,53750,1
48389950500.00,Reeves County,Texas,975,8.1,54250,1
48387950100.00,Red River County,Texas,2645,17.7,51875,1
48387950500.00,Red River County,Texas,4907,20.8,40556,1
48387950600.00,Red River County,Texas,2758,18.2,55707,1
48387950700.00,Red River County,Texas,2550,14.7,61221,1
48385950100.00,Real County,Texas,3309,22.8,50000,1
48371950100.00,Pecos County,Texas,2383,9.8,65313,1
48371950300.00,Pecos County,Texas,3246,20.9,41558,1
48371950500.00,Pecos County,Texas,5616,10.8,73686,1
48369950200.00,Parmer County,Texas,4968,20.9,57083,1
48369950300.00,Parmer County,Texas,5301,12.2,65341,1
48367140101.00,Parker County,Texas,4178,13.5,56477,1
48367140102.00,Parker County,Texas,4702,8.3,59815,1
48367140200.00,Parker County,Texas,6392,11,72321,1
48367140300.00,Parker County,Texas,5642,9,75234,1
48367140409.00,Parker County,Texas,3442,20.5,44407,1
48367140501.00,Parker County,Texas,7307,9.8,81651,1
48367140705.00,Parker County,Texas,7148,8.8,108231,1
48363000100.00,Palo Pinto County,Texas,2599,11.9,79375,1
48363000200.00,Palo Pinto County,Texas,2191,11.3,58487,1
48363000300.00,Palo Pinto County,Texas,3777,9.8,61301,1
48363000400.00,Palo Pinto County,Texas,5908,9.6,68548,1
48363000500.00,Palo Pinto County,Texas,1747,18.8,63000,1
48363000600.00,Palo Pinto County,Texas,3188,21.9,51146,1
48363000700.00,Palo Pinto County,Texas,3272,13.2,60150,1
48363000800.00,Palo Pinto County,Texas,3003,36.6,27295,1
48363000900.00,Palo Pinto County,Texas,2426,36.1,31932,1
48355000700.00,Nueces County,Texas,4783,22.1,38218,1
48355001000.00,Nueces County,Texas,3452,26.7,28207,1
48355001100.00,Nueces County,Texas,1969,57.5,30726,1
48355001200.00,Nueces County,Texas,4259,33.7,38537,1
48355001300.00,Nueces County,Texas,4312,37.9,31875,1
48355001601.00,Nueces County,Texas,4738,27,36534,1
48355001701.00,Nueces County,Texas,6695,20,39583,1
48355001902.00,Nueces County,Texas,7930,18.2,74245,1
48355002704.00,Nueces County,Texas,5074,37.7,64696,1
48355002705.00,Nueces County,Texas,5487,16,79153,1
48355003002.00,Nueces County,Texas,4912,16.8,71125,1
48355003102.00,Nueces County,Texas,4851,12.2,71991,1
48355003203.00,Nueces County,Texas,5316,20.7,50667,1
48355003204.00,Nueces County,Texas,4318,7.7,98529,1
48355003601.00,Nueces County,Texas,6280,8.9,77227,1
48355003602.00,Nueces County,Texas,6296,11.1,70417,1
48355003603.00,Nueces County,Texas,3831,12.9,79444,1
48355003700.00,Nueces County,Texas,3375,10.8,79243,1
48355005601.00,Nueces County,Texas,6494,28,50833,1
48355005602.00,Nueces County,Texas,6342,46.6,36536,1
48355005802.00,Nueces County,Texas,6017,8.2,78793,1
48355006000.00,Nueces County,Texas,2638,14.3,53350,1
48355006100.00,Nueces County,Texas,3392,22.9,66053,1
48355006400.00,Nueces County,Texas,3381,27.6,41957,1
48353950200.00,Nolan County,Texas,4270,8,75855,1
48353950500.00,Nolan County,Texas,2736,11.5,72250,1
48349970200.00,Navarro County,Texas,5878,23.3,67639,1
48349970400.00,Navarro County,Texas,4382,15.3,60711,1
48349970500.00,Navarro County,Texas,3995,12.3,48333,1
48349970700.00,Navarro County,Texas,5318,18.7,70393,1
48349971000.00,Navarro County,Texas,3518,14.3,63409,1
54077963800.00,Preston County,West Virginia,6763,20.5,66023,1
54077964000.00,Preston County,West Virginia,4174,20.7,55577,1
54077964100.00,Preston County,West Virginia,4563,11.8,56531,1
54077964200.00,Preston County,West Virginia,3878,18,51066,1
54077964500.00,Preston County,West Virginia,2758,17.5,61029,1
48347950100.00,Nacogdoches County,Texas,2624,18.7,58523,1
48347950200.00,Nacogdoches County,Texas,4875,17.1,67530,1
48347950502.00,Nacogdoches County,Texas,4706,12.5,87331,1
48347950800.00,Nacogdoches County,Texas,4010,28.2,50074,1
48347950900.00,Nacogdoches County,Texas,2678,56.8,20923,1
48347951000.00,Nacogdoches County,Texas,4674,44.8,37357,1
48347951100.00,Nacogdoches County,Texas,5120,11.7,66150,1
48337950500.00,Montague County,Texas,5412,15.4,52216,1
48337950600.00,Montague County,Texas,2001,11.9,62000,1
48323950201.00,Maverick County,Texas,7083,27.2,41967,1
48323950204.00,Maverick County,Texas,4219,19.8,37712,1
48323950205.00,Maverick County,Texas,8704,33.4,46182,1
48323950602.00,Maverick County,Texas,5394,15.9,55000,1
48323950700.00,Maverick County,Texas,9412,22.3,43223,1
49013940300.00,Duchesne County,Utah,3847,11,60369,1
49013940500.00,Duchesne County,Utah,7632,12.8,73773,1
49013940600.00,Duchesne County,Utah,7128,15.2,72670,1
48311950100.00,McMullen County,Texas,707,12.8,72750,1
48307950300.00,McCulloch County,Texas,5476,19.2,44714,1
48307950500.00,McCulloch County,Texas,1330,13,60833,1
48303000302.00,Lubbock County,Texas,7258,33.2,42426,1
48303000405.00,Lubbock County,Texas,10654,26.2,50563,1
48303000900.00,Lubbock County,Texas,5096,37.5,31667,1
48303001000.00,Lubbock County,Texas,3311,25.1,33973,1
48303001200.00,Lubbock County,Texas,2769,35.6,30200,1
48303001300.00,Lubbock County,Texas,3254,31.5,38684,1
48303001602.00,Lubbock County,Texas,3126,26.1,48583,1
48303001706.00,Lubbock County,Texas,5251,14.8,60139,1
48303001708.00,Lubbock County,Texas,2406,19,38804,1
48303001709.00,Lubbock County,Texas,4209,25.8,45154,1
48303002202.00,Lubbock County,Texas,5084,11.3,57243,1
48303002400.00,Lubbock County,Texas,6743,33.6,30801,1
48303010302.00,Lubbock County,Texas,2794,11.2,73964,1
48303010404.00,Lubbock County,Texas,3095,26.6,60203,1
48303010406.00,Lubbock County,Texas,4555,12.2,99969,1
48303010508.00,Lubbock County,Texas,7927,11.7,83845,1
48303010600.00,Lubbock County,Texas,6058,17.1,52350,1
48283950300.00,La Salle County,Texas,6886,12.1,53699,1
48273020100.00,Kleberg County,Texas,5602,11.5,79519,1
48273020200.00,Kleberg County,Texas,5968,41.1,31713,1
48273020300.00,Kleberg County,Texas,7271,37.4,43304,1
48273020400.00,Kleberg County,Texas,6547,16,58487,1
48273020500.00,Kleberg County,Texas,6673,26.4,54063,1
48271950100.00,Kinney County,Texas,3598,18.6,54083,1
48269950100.00,King County,Texas,286,8.8,66806,1
53033010701.00,King County,Washington,3385,20.6,69301,1
53033010800.00,King County,Washington,4596,11.6,95875,1
53033010900.00,King County,Washington,1287,11,103333,1
53033011600.00,King County,Washington,6413,7.6,147460,1
53033020402.00,King County,Washington,5368,7.9,107125,1
53033021600.00,King County,Washington,4513,8.1,131250,1
53033022605.00,King County,Washington,5410,8.6,104395,1
53033022702.00,King County,Washington,3729,8.3,178533,1
53033022802.00,King County,Washington,4791,7.6,148021,1
53033023300.00,King County,Washington,6217,11.7,106600,1
53033023900.00,King County,Washington,6924,8.3,197019,1
53033025301.00,King County,Washington,5004,9.2,94238,1
53033025701.00,King County,Washington,5545,8.9,66526,1
53033025803.00,King County,Washington,4676,8.6,72375,1
53033025804.00,King County,Washington,3714,7.5,81250,1
53033026002.00,King County,Washington,7911,20.7,64167,1
53033026200.00,King County,Washington,4998,13.4,71228,1
53033026500.00,King County,Washington,3459,31.3,34875,1
53033026700.00,King County,Washington,5472,19.3,87440,1
53033027600.00,King County,Washington,4648,10.8,90750,1
53033028403.00,King County,Washington,4986,8.1,63953,1
53033028801.00,King County,Washington,3095,7.1,86500,1
53033028802.00,King County,Washington,6128,23.8,63277,1
53033028901.00,King County,Washington,3368,7.1,96471,1
53033029001.00,King County,Washington,4230,7.3,96996,1
53033029405.00,King County,Washington,5861,7.9,84870,1
53033029700.00,King County,Washington,7056,14.2,60465,1
53033029801.00,King County,Washington,7914,7.1,71888,1
53033029802.00,King County,Washington,8969,10.5,92888,1
53033029901.00,King County,Washington,4823,8.2,90000,1
53033029902.00,King County,Washington,4427,8.1,95398,1
53033030100.00,King County,Washington,7323,7.5,108571,1
53033030304.00,King County,Washington,2987,14.9,86225,1
53033030305.00,King County,Washington,4906,20.4,83438,1
53033030306.00,King County,Washington,5681,7.3,88115,1
53033030403.00,King County,Washington,4270,7.7,87333,1
53033030503.00,King County,Washington,4181,11.5,65542,1
53033030901.00,King County,Washington,3606,7.7,71607,1
53033031100.00,King County,Washington,6718,11.8,73039,1
53033031205.00,King County,Washington,6673,20,90854,1
53033031206.00,King County,Washington,4877,7.7,75938,1
53033031302.00,King County,Washington,4371,12.3,58954,1
53033031601.00,King County,Washington,5134,7.9,115320,1
53033031904.00,King County,Washington,3329,8.1,108000,1
53033031907.00,King County,Washington,7399,8.7,105966,1
53033032006.00,King County,Washington,4275,9.4,106104,1
53033032103.00,King County,Washington,4280,15.1,77244,1
53033032104.00,King County,Washington,6033,13.5,144025,1
53033032704.00,King County,Washington,6014,14.6,118201,1
48267950100.00,Kimble County,Texas,2387,12.3,63371,1
48265960600.00,Kerr County,Texas,7512,24.1,50156,1
48255970100.00,Karnes County,Texas,2214,8.5,98643,1
48255970200.00,Karnes County,Texas,3899,24.1,44583,1
48255970400.00,Karnes County,Texas,1430,15.9,51875,1
48249950300.00,Jim Wells County,Texas,7103,22.7,52121,1
48249950400.00,Jim Wells County,Texas,3770,13.2,56563,1
48249950500.00,Jim Wells County,Texas,6213,29,52580,1
48249950600.00,Jim Wells County,Texas,4080,33.2,28523,1
48249950700.00,Jim Wells County,Texas,3647,22.1,57569,1
48237950100.00,Jack County,Texas,2883,10.8,72303,1
48237950300.00,Jack County,Texas,3334,19.3,53750,1
48237950500.00,Jack County,Texas,2827,13.3,67250,1
48231960200.00,Hunt County,Texas,2352,16.3,71442,1
48231960500.00,Hunt County,Texas,3955,35.8,40000,1
48231960800.00,Hunt County,Texas,3649,51.6,28168,1
48231960900.00,Hunt County,Texas,5166,22.2,36574,1
48231961000.00,Hunt County,Texas,4200,22.3,46484,1
48231961200.00,Hunt County,Texas,4680,9.9,84913,1
37175960200.00,Transylvania County,North Carolina,4635,17.9,52113,1
37175960300.00,Transylvania County,North Carolina,7519,17,52957,1
48229950300.00,Hudspeth County,Texas,3476,28.2,31165,1
48209010304.00,Hays County,Texas,5233,53.2,22500,1
48209010908.00,Hays County,Texas,7256,9.3,76190,1
48175960100.00,Goliad County,Texas,4054,16.8,71397,1
48175960200.00,Goliad County,Texas,3156,17.4,84464,1
48173950100.00,Glasscock County,Texas,1226,9.5,75583,1
48169950100.00,Garza County,Texas,6461,17.7,63184,1
48167720100.00,Galveston County,Texas,5874,9.3,116977,1
48167720501.00,Galveston County,Texas,4268,11.5,115167,1
48167720502.00,Galveston County,Texas,9546,8.6,110588,1
48167720800.00,Galveston County,Texas,3648,11.5,92845,1
48167720900.00,Galveston County,Texas,5513,18,68828,1
48167721000.00,Galveston County,Texas,1858,11.7,76500,1
48167721100.00,Galveston County,Texas,10440,19,64456,1
48167721201.00,Galveston County,Texas,17172,11.7,109583,1
48167721600.00,Galveston County,Texas,1900,17.7,54792,1
48167721700.00,Galveston County,Texas,7937,23.5,48380,1
48167721800.00,Galveston County,Texas,4540,27.5,48125,1
48167722001.00,Galveston County,Texas,5486,8.9,81064,1
48167722300.00,Galveston County,Texas,7335,30.2,43641,1
48167722700.00,Galveston County,Texas,4200,17,56470,1
48167722800.00,Galveston County,Texas,2538,21.6,47031,1
48167722900.00,Galveston County,Texas,2608,20,52729,1
48167723000.00,Galveston County,Texas,3319,19.7,48149,1
48167723100.00,Galveston County,Texas,3216,13.4,64900,1
48167723200.00,Galveston County,Texas,3362,11.5,63327,1
48167723300.00,Galveston County,Texas,5457,10.9,91912,1
48167723600.00,Galveston County,Texas,4306,14.2,91587,1
48167723700.00,Galveston County,Texas,2170,28.2,52174,1
48167723800.00,Galveston County,Texas,4098,10.2,128516,1
48167724000.00,Galveston County,Texas,2393,40.8,85234,1
48167724101.00,Galveston County,Texas,1241,18.1,72813,1
48167726200.00,Galveston County,Texas,2938,23.9,45168,1
48157670101.00,Fort Bend County,Texas,6801,21.3,49860,1
48157670300.00,Fort Bend County,Texas,3801,19.9,60194,1
48157670400.00,Fort Bend County,Texas,5058,11.4,57177,1
48157670602.00,Fort Bend County,Texas,1907,8.5,53000,1
48157670800.00,Fort Bend County,Texas,14354,12.9,75125,1
48157671002.00,Fort Bend County,Texas,6459,7.5,81581,1
48157671100.00,Fort Bend County,Texas,8174,12.3,68036,1
48157671400.00,Fort Bend County,Texas,8877,17.6,59495,1
48157671700.00,Fort Bend County,Texas,5103,10.8,153663,1
48157672601.00,Fort Bend County,Texas,10258,19.9,53690,1
48157672701.00,Fort Bend County,Texas,14078,10.8,80737,1
48157672702.00,Fort Bend County,Texas,6942,12.9,85365,1
48157673002.00,Fort Bend County,Texas,7617,14.7,115516,1
48157673500.00,Fort Bend County,Texas,8541,7.3,125938,1
48157673800.00,Fort Bend County,Texas,9342,10.8,115025,1
48157674502.00,Fort Bend County,Texas,16767,8,144743,1
48157674900.00,Fort Bend County,Texas,5543,33.2,33895,1
48157675200.00,Fort Bend County,Texas,5623,24.7,52593,1
48157675300.00,Fort Bend County,Texas,6679,17.4,55313,1
48157675700.00,Fort Bend County,Texas,6808,13.2,74779,1
48143950100.00,Erath County,Texas,3054,8.6,77500,1
48143950300.00,Erath County,Texas,6193,19.3,52127,1
48143950400.00,Erath County,Texas,6517,18.1,93211,1
48143950500.00,Erath County,Texas,6967,37.2,55313,1
48143950600.00,Erath County,Texas,3153,25.6,53594,1
48143950700.00,Erath County,Texas,2152,9.5,40938,1
42109070500.00,Snyder County,Pennsylvania,3667,14.4,52700,1
36073040400.00,Orleans County,New York,3482,15.3,50147,1
36073040700.00,Orleans County,New York,6200,16.3,55385,1
50019951600.00,Orleans County,Vermont,4313,11.9,60500,1
50019951700.00,Orleans County,Vermont,4189,13.1,55509,1
22097960100.00,St. Landry Parish,Louisiana,2360,28.5,34083,1
22097960200.00,St. Landry Parish,Louisiana,4160,25.1,55764,1
22097960400.00,St. Landry Parish,Louisiana,2299,31.8,40750,1
22097960600.00,St. Landry Parish,Louisiana,6472,26.5,38947,1
22097960800.00,St. Landry Parish,Louisiana,3758,13.9,62303,1
22097960900.00,St. Landry Parish,Louisiana,4045,47.3,28286,1
22097961300.00,St. Landry Parish,Louisiana,4634,51.9,20378,1
22097961600.00,St. Landry Parish,Louisiana,4192,55.5,24440,1
48101950100.00,Cottle County,Texas,1505,31.4,40469,1
38093967200.00,Stutsman County,North Dakota,2683,7,81484,1
38093967400.00,Stutsman County,North Dakota,5672,14.6,75852,1
48099010101.00,Coryell County,Texas,3606,9.4,69881,1
48099010102.00,Coryell County,Texas,3276,7.7,65938,1
48099010201.00,Coryell County,Texas,7806,15.7,63077,1
48099010501.00,Coryell County,Texas,5245,25.3,42611,1
48099010502.00,Coryell County,Texas,4296,20.8,48910,1
48099010504.00,Coryell County,Texas,2671,8.4,51250,1
48099010601.00,Coryell County,Texas,4353,23.1,48063,1
48099010603.00,Coryell County,Texas,5318,13.7,48854,1
48099010702.00,Coryell County,Texas,3294,10.2,56781,1
48099010802.00,Coryell County,Texas,5366,12.8,63023,1
48099010804.00,Coryell County,Texas,4226,15.3,51516,1
48099980000.00,Coryell County,Texas,26,100,,1
48089750100.00,Colorado County,Texas,4769,17.9,43326,1
48089750200.00,Colorado County,Texas,2162,12.4,60089,1
48089750400.00,Colorado County,Texas,5027,7.5,52106,1
48075950200.00,Childress County,Texas,4940,15.5,42230,1
22087030103.00,St. Bernard Parish,Louisiana,4138,25.2,47177,1
22087030104.00,St. Bernard Parish,Louisiana,1780,25.8,53472,1
22087030105.00,St. Bernard Parish,Louisiana,368,14,50887,1
22087030204.00,St. Bernard Parish,Louisiana,3681,22.1,48636,1
22087030206.00,St. Bernard Parish,Louisiana,1612,10.5,70938,1
22087030208.00,St. Bernard Parish,Louisiana,2541,9.2,74826,1
22087030209.00,St. Bernard Parish,Louisiana,3003,11.7,76887,1
37035010102.00,Catawba County,North Carolina,4057,12.4,82938,1
37035010201.00,Catawba County,North Carolina,4815,11.5,57131,1
37035010301.00,Catawba County,North Carolina,4821,11.3,65357,1
37035010302.00,Catawba County,North Carolina,5467,9.9,73287,1
37035010303.00,Catawba County,North Carolina,4027,12.4,53137,1
37035010304.00,Catawba County,North Carolina,4344,17.9,48275,1
37035010401.00,Catawba County,North Carolina,6593,14.2,51939,1
37035010402.00,Catawba County,North Carolina,4948,27.2,41736,1
37035010502.00,Catawba County,North Carolina,3226,13.6,101250,1
37035010600.00,Catawba County,North Carolina,6421,17,68975,1
37035010900.00,Catawba County,North Carolina,3762,30,37612,1
37035011000.00,Catawba County,North Carolina,2644,30.3,29922,1
37035011101.00,Catawba County,North Carolina,3497,10.4,64185,1
37035011102.00,Catawba County,North Carolina,6873,12,67279,1
37035011200.00,Catawba County,North Carolina,5983,9,58144,1
37035011300.00,Catawba County,North Carolina,7187,20.5,43472,1
37035011801.00,Catawba County,North Carolina,6218,8.9,85786,1
48053960100.00,Burnet County,Texas,5731,10.1,66276,1
48053960300.00,Burnet County,Texas,6627,17.7,62273,1
48053960700.00,Burnet County,Texas,6791,7.7,61912,1
51145500400.00,Powhatan County,Virginia,5005,7.1,75067,1
5037950100.00,Cross County,Arkansas,1454,27.4,30455,1
5037950200.00,Cross County,Arkansas,3300,15,51875,1
5037950300.00,Cross County,Arkansas,1544,13.4,47500,1
5037950500.00,Cross County,Arkansas,4887,22.9,36736,1
5037950600.00,Cross County,Arkansas,3989,13.1,75399,1
48045950200.00,Briscoe County,Texas,1637,15.6,54200,1
48041000300.00,Brazos County,Texas,7211,8.4,58902,1
48041000400.00,Brazos County,Texas,5083,25.5,40588,1
48041000500.00,Brazos County,Texas,5543,41.3,27391,1
48041000603.00,Brazos County,Texas,5263,21.7,42000,1
48041000604.00,Brazos County,Texas,6182,31.8,43087,1
48041000700.00,Brazos County,Texas,3055,18,45647,1
48041001301.00,Brazos County,Texas,2547,37.8,40487,1
48041001302.00,Brazos County,Texas,4028,32.4,61635,1
48041001601.00,Brazos County,Texas,4572,51.4,40990,1
48041001604.00,Brazos County,Texas,5560,39.6,60195,1
48041001605.00,Brazos County,Texas,3367,34.9,56792,1
48041001701.00,Brazos County,Texas,5762,45.8,46607,1
48041002001.00,Brazos County,Texas,4367,9.1,114408,1
48041002007.00,Brazos County,Texas,5673,16.2,101406,1
48041002012.00,Brazos County,Texas,6466,71.9,,1
48041002013.00,Brazos County,Texas,4873,27.8,59297,1
48041002014.00,Brazos County,Texas,1768,54.8,118750,1
48035950100.00,Bosque County,Texas,4366,18.9,51047,1
48035950400.00,Bosque County,Texas,3703,9.2,79786,1
12123950200.00,Taylor County,Florida,5220,21.5,43606,1
12123950300.00,Taylor County,Florida,6040,26.4,40307,1
12123950400.00,Taylor County,Florida,7877,12.2,50228,1
21217920300.00,Taylor County,Kentucky,4361,27.8,55158,1
48441010300.00,Taylor County,Texas,2318,31.6,48750,1
48441010500.00,Taylor County,Texas,3409,32.6,32425,1
48441010900.00,Taylor County,Texas,5797,27.1,44750,1
48441011900.00,Taylor County,Texas,2307,39.4,36696,1
48441012100.00,Taylor County,Texas,468,64.7,,1
48441012200.00,Taylor County,Texas,2229,8.2,52375,1
48441012300.00,Taylor County,Texas,4482,22.1,41852,1
48441012400.00,Taylor County,Texas,2372,30.4,43056,1
48441012900.00,Taylor County,Texas,2242,9.6,52656,1
48441013100.00,Taylor County,Texas,6373,23,37036,1
48441013401.00,Taylor County,Texas,3736,7,52882,1
48441013402.00,Taylor County,Texas,6484,9.9,94286,1
55119960100.00,Taylor County,Wisconsin,4290,9.3,62222,1
55119960200.00,Taylor County,Wisconsin,2331,10.3,66528,1
55119960300.00,Taylor County,Wisconsin,3001,14.7,62759,1
55119960500.00,Taylor County,Wisconsin,2789,7.8,54000,1
48031950100.00,Blanco County,Texas,4963,7.8,80417,1
48025950201.00,Bee County,Texas,7928,8,67500,1
48025950300.00,Bee County,Texas,5093,24.2,41894,1
48025950500.00,Bee County,Texas,7343,31.9,37754,1
48025950600.00,Bee County,Texas,2430,19.9,48828,1
1019956000.00,Cherokee County,Alabama,4017,13.8,57692,1
13057090400.00,Cherokee County,Georgia,8928,16.1,47344,1
13057090601.00,Cherokee County,Georgia,6841,32.5,53394,1
13057090602.00,Cherokee County,Georgia,8376,14,74494,1
13057090702.00,Cherokee County,Georgia,7180,11.1,79958,1
13057090804.00,Cherokee County,Georgia,8585,7.1,102857,1
13057090904.00,Cherokee County,Georgia,7544,7.3,81875,1
13057090905.00,Cherokee County,Georgia,3908,8.8,76190,1
13057091001.00,Cherokee County,Georgia,3665,14.5,68320,1
13057091102.00,Cherokee County,Georgia,8383,9.4,91574,1
13057091103.00,Cherokee County,Georgia,8019,10.3,78198,1
19035080100.00,Cherokee County,Iowa,5655,13.3,63476,1
19035080300.00,Cherokee County,Iowa,1707,8.4,83125,1
20021958300.00,Cherokee County,Kansas,4031,12.1,57386,1
20021958400.00,Cherokee County,Kansas,3819,10.8,60064,1
20021958500.00,Cherokee County,Kansas,3854,17.9,49552,1
20021958600.00,Cherokee County,Kansas,4575,13.4,47361,1
37039930601.00,Cherokee County,North Carolina,3280,11.7,52371,1
37039930602.00,Cherokee County,North Carolina,3931,15.3,48669,1
40021977600.00,Cherokee County,Oklahoma,5144,18.2,56131,1
40021977700.00,Cherokee County,Oklahoma,6434,18.3,54729,1
40021977900.00,Cherokee County,Oklahoma,6776,28.2,45280,1
40021978000.00,Cherokee County,Oklahoma,4123,25.7,46829,1
40021978100.00,Cherokee County,Oklahoma,6116,17.5,60125,1
40021978202.00,Cherokee County,Oklahoma,3256,18.7,54185,1
40021978300.00,Cherokee County,Oklahoma,6388,17.9,62008,1
45021970201.00,Cherokee County,South Carolina,3260,27.3,60333,1
45021970301.00,Cherokee County,South Carolina,4083,17.5,42500,1
45021970302.00,Cherokee County,South Carolina,4599,33.2,29024,1
45021970502.00,Cherokee County,South Carolina,4873,32.6,29286,1
48073950100.00,Cherokee County,Texas,4443,8.6,55230,1
48073950300.00,Cherokee County,Texas,7295,10.5,62628,1
48073950500.00,Cherokee County,Texas,3593,33.6,37845,1
48073950600.00,Cherokee County,Texas,5989,17.3,59832,1
48073950700.00,Cherokee County,Texas,4235,24.1,43718,1
48073950900.00,Cherokee County,Texas,4332,10.5,58537,1
48073951100.00,Cherokee County,Texas,1726,22.1,45819,1
48019000200.00,Bandera County,Texas,2726,13.6,54922,1
48019000300.00,Bandera County,Texas,6369,18.5,67674,1
48019000400.00,Bandera County,Texas,2147,9.6,76648,1
40031000100.00,Comanche County,Oklahoma,4042,23.5,42000,1
40031000200.00,Comanche County,Oklahoma,2998,51.1,27829,1
40031000300.00,Comanche County,Oklahoma,5830,18.5,61064,1
40031000501.00,Comanche County,Oklahoma,7888,15.6,55744,1
40031001901.00,Comanche County,Oklahoma,1762,12.1,52045,1
40031001902.00,Comanche County,Oklahoma,1862,20.6,33922,1
40031002001.00,Comanche County,Oklahoma,5037,9.7,85962,1
40031002100.00,Comanche County,Oklahoma,6966,9.4,72348,1
40031002200.00,Comanche County,Oklahoma,5940,7.8,99551,1
40031002301.00,Comanche County,Oklahoma,5919,7.9,97083,1
40031002302.00,Comanche County,Oklahoma,4906,8.2,77222,1
40031002403.00,Comanche County,Oklahoma,4308,26.6,38250,1
48093950200.00,Comanche County,Texas,3387,8.9,70682,1
48093950300.00,Comanche County,Texas,4147,23.6,43036,1
48093950400.00,Comanche County,Texas,2016,14.2,56555,1
48015760400.00,Austin County,Texas,3660,17,77083,1
48013960100.00,Atascosa County,Texas,6972,18.9,62339,1
48013960402.00,Atascosa County,Texas,7801,9.5,78555,1
48013960500.00,Atascosa County,Texas,2684,20.2,51042,1
48013960600.00,Atascosa County,Texas,5989,13.2,73438,1
13137000300.00,Habersham County,Georgia,3972,19.3,53690,1
13137000601.00,Habersham County,Georgia,5791,14.2,54153,1
23011010500.00,Kennebec County,Maine,4089,22.1,46607,1
23011015500.00,Kennebec County,Maine,3220,13.9,69851,1
23011023001.00,Kennebec County,Maine,3647,14.9,67843,1
23011024200.00,Kennebec County,Maine,6656,11.1,57750,1
48009020200.00,Archer County,Texas,2780,11.7,66912,1
48009020300.00,Archer County,Texas,3614,13.6,69375,1
48007950300.00,Aransas County,Texas,6609,23,68375,1
48007950400.00,Aransas County,Texas,3583,32.4,47368,1
26095960100.00,Luce County,Michigan,4484,18.7,52500,1
26095960200.00,Luce County,Michigan,2147,12.8,57500,1
47183968101.00,Weakley County,Tennessee,3725,22.2,57169,1
47183968201.00,Weakley County,Tennessee,4504,16.2,62031,1
47183968203.00,Weakley County,Tennessee,3051,32.8,43819,1
47183968700.00,Weakley County,Tennessee,1484,14.3,43512,1
47153060101.00,Sequatchie County,Tennessee,8037,15.8,54131,1
18127050101.00,Porter County,Indiana,9319,10.9,97283,1
18127050202.00,Porter County,Indiana,6242,11.8,69048,1
18127050300.00,Porter County,Indiana,6483,8,93333,1
18127050402.00,Porter County,Indiana,7914,10.2,81600,1
18127050407.00,Porter County,Indiana,3735,21,73370,1
18127050501.00,Porter County,Indiana,6150,22.1,65441,1
18127050503.00,Porter County,Indiana,5214,22.3,56781,1
18127050505.00,Porter County,Indiana,2469,7.7,71364,1
18127050508.00,Porter County,Indiana,6071,20.4,50670,1
18127050509.00,Porter County,Indiana,4803,14,61591,1
18127050704.00,Porter County,Indiana,4823,11.3,101439,1
18127051002.00,Porter County,Indiana,8469,8.6,95632,1
41033360100.00,Josephine County,Oregon,2038,26,34814,1
41033360300.00,Josephine County,Oregon,5438,18.4,53681,1
41033360600.00,Josephine County,Oregon,6493,12.4,60060,1
41033361100.00,Josephine County,Oregon,8956,17.6,49325,1
41033361200.00,Josephine County,Oregon,6980,23.2,45440,1
41033361400.00,Josephine County,Oregon,2648,26.2,34576,1
41033361600.00,Josephine County,Oregon,8348,28.8,40816,1
47119010100.00,Maury County,Tennessee,3528,11.3,61600,1
47119010400.00,Maury County,Tennessee,6084,11.5,52002,1
47119010500.00,Maury County,Tennessee,4652,28.8,41964,1
47119010600.00,Maury County,Tennessee,4722,17.2,49823,1
47119010802.00,Maury County,Tennessee,6713,23.4,51567,1
47119011101.00,Maury County,Tennessee,4418,7.6,86484,1
47109930500.00,McNairy County,Tennessee,7788,23.8,47254,1
47107970102.00,McMinn County,Tennessee,4655,12.3,66193,1
47107970200.00,McMinn County,Tennessee,6007,35.4,29718,1
47107970300.00,McMinn County,Tennessee,3328,25.5,46926,1
4015950100.00,Mohave County,Arizona,10851,29.4,38607,1
4015950401.00,Mohave County,Arizona,2051,46.9,46618,1
4015950402.00,Mohave County,Arizona,3950,14.2,53695,1
4015950500.00,Mohave County,Arizona,1446,27.3,33323,1
4015950600.00,Mohave County,Arizona,9029,22.3,49601,1
4015950703.00,Mohave County,Arizona,3880,30.7,33913,1
4015950705.00,Mohave County,Arizona,4132,23.7,40305,1
4015950706.00,Mohave County,Arizona,3825,38.3,35486,1
4015951501.00,Mohave County,Arizona,4000,21,44135,1
4015951700.00,Mohave County,Arizona,5862,24.8,34240,1
4015951800.00,Mohave County,Arizona,3554,25.4,38194,1
4015952002.00,Mohave County,Arizona,7439,8.2,59879,1
4015952003.00,Mohave County,Arizona,4315,16.2,46318,1
4015952004.00,Mohave County,Arizona,3679,13.8,49207,1
4015952500.00,Mohave County,Arizona,5295,10,80077,1
4015952700.00,Mohave County,Arizona,4890,17.8,46394,1
4015952800.00,Mohave County,Arizona,6289,7,70971,1
4015952900.00,Mohave County,Arizona,5224,21.8,51832,1
4015953000.00,Mohave County,Arizona,5289,11.4,52366,1
4015953401.00,Mohave County,Arizona,5427,11.7,69393,1
4015953402.00,Mohave County,Arizona,5621,8.1,53769,1
4015953601.00,Mohave County,Arizona,8853,9,61896,1
4015953602.00,Mohave County,Arizona,2647,32.4,55833,1
4015953800.00,Mohave County,Arizona,6345,23,47882,1
4015953900.00,Mohave County,Arizona,6696,18.5,47045,1
4015954800.00,Mohave County,Arizona,7012,18,54538,1
4015954900.00,Mohave County,Arizona,3796,22.1,61348,1
4015955000.00,Mohave County,Arizona,5286,23.5,47990,1
47069950100.00,Hardeman County,Tennessee,3959,14.1,56875,1
47069950600.00,Hardeman County,Tennessee,2782,21.9,35625,1
48197950100.00,Hardeman County,Texas,4139,12.6,52522,1
47063100200.00,Hamblen County,Tennessee,5439,19.7,45220,1
47063100300.00,Hamblen County,Tennessee,3252,51.6,21299,1
47063100400.00,Hamblen County,Tennessee,6050,27.1,42298,1
47063100500.00,Hamblen County,Tennessee,2966,20.4,54856,1
47063100600.00,Hamblen County,Tennessee,7328,7.8,57539,1
47063100800.00,Hamblen County,Tennessee,3233,33.8,35313,1
47063100900.00,Hamblen County,Tennessee,4978,20.3,54850,1
47063101100.00,Hamblen County,Tennessee,5229,11.3,72778,1
47063101200.00,Hamblen County,Tennessee,6354,7,72120,1
6077000300.00,San Joaquin County,California,2396,40.2,30815,1
6077000401.00,San Joaquin County,California,3043,19.6,64191,1
6077000402.00,San Joaquin County,California,4582,37.5,33292,1
6077000801.00,San Joaquin County,California,6692,18.7,53870,1
6077001500.00,San Joaquin County,California,8384,20,48796,1
6077002504.00,San Joaquin County,California,3982,12.8,60181,1
6077002701.00,San Joaquin County,California,6409,24.3,43664,1
6077002702.00,San Joaquin County,California,4239,28.5,45282,1
6077002800.00,San Joaquin County,California,6052,16,53951,1
6077003208.00,San Joaquin County,California,12534,8.4,95773,1
6077003213.00,San Joaquin County,California,4571,22,71750,1
6077003214.00,San Joaquin County,California,3054,8.8,104091,1
6077003500.00,San Joaquin County,California,20177,8.2,90529,1
6077003601.00,San Joaquin County,California,3453,8.3,73692,1
6077003602.00,San Joaquin County,California,3272,21.4,63566,1
6077003801.00,San Joaquin County,California,12552,14.1,60840,1
6077003802.00,San Joaquin County,California,6519,15,62146,1
6077003803.00,San Joaquin County,California,5281,15.1,65329,1
6077004102.00,San Joaquin County,California,8072,10.4,93021,1
6077004105.00,San Joaquin County,California,4920,9,89760,1
6077004402.00,San Joaquin County,California,4998,9.1,56884,1
6077005004.00,San Joaquin County,California,5702,16.2,89495,1
6077005113.00,San Joaquin County,California,6156,12.3,95783,1
6077005119.00,San Joaquin County,California,6006,10.2,90729,1
6077005122.00,San Joaquin County,California,4829,7.4,91558,1
6077005127.00,San Joaquin County,California,5510,13.1,88036,1
5011950500.00,Bradley County,Arkansas,2964,21.5,65000,1
47011010200.00,Bradley County,Tennessee,5082,17.8,52855,1
47011010300.00,Bradley County,Tennessee,2570,28.7,40313,1
47011010400.00,Bradley County,Tennessee,2500,43.7,24205,1
47011010600.00,Bradley County,Tennessee,3196,18.8,56250,1
47011010700.00,Bradley County,Tennessee,4818,28.9,36816,1
47011010800.00,Bradley County,Tennessee,3327,26.2,33455,1
47011010900.00,Bradley County,Tennessee,2880,20.3,47192,1
47011011000.00,Bradley County,Tennessee,6058,24.3,50104,1
47011011201.00,Bradley County,Tennessee,6054,9.2,63505,1
47011011300.00,Bradley County,Tennessee,7259,8.9,61723,1
47011011402.00,Bradley County,Tennessee,2938,15.3,60452,1
47045964200.00,Dyer County,Tennessee,5855,17.6,65395,1
47045964300.00,Dyer County,Tennessee,5640,22.8,49608,1
47045964400.00,Dyer County,Tennessee,6420,28.7,36465,1
47043060100.00,Dickson County,Tennessee,4210,12.3,61071,1
47043060501.00,Dickson County,Tennessee,5758,7.9,63780,1
47043060502.00,Dickson County,Tennessee,3136,10.5,70208,1
12005000201.00,Bay County,Florida,4238,10.1,75000,1
12005000803.00,Bay County,Florida,5146,28.6,47281,1
12005000805.00,Bay County,Florida,4588,8.8,74060,1
12005000806.00,Bay County,Florida,3578,16.4,62431,1
12005000900.00,Bay County,Florida,4265,16.6,51087,1
12005001100.00,Bay County,Florida,4636,28.1,37730,1
12005001200.00,Bay County,Florida,3269,28.4,49783,1
12005001301.00,Bay County,Florida,5095,8.1,83636,1
12005001302.00,Bay County,Florida,7255,13.4,53154,1
12005001402.00,Bay County,Florida,6698,7.3,92083,1
12005001404.00,Bay County,Florida,6272,13.2,67500,1
12005001501.00,Bay County,Florida,4578,7.1,78947,1
12005001600.00,Bay County,Florida,3660,30.9,37618,1
12005001900.00,Bay County,Florida,3942,9,81198,1
12005002000.00,Bay County,Florida,1596,19.8,57639,1
12005002200.00,Bay County,Florida,4731,32.7,30028,1
12005002500.00,Bay County,Florida,2957,14.8,97019,1
12005002601.00,Bay County,Florida,2190,8.9,73929,1
12005002603.00,Bay County,Florida,1926,18.4,68409,1
12005002604.00,Bay County,Florida,7108,17.8,60179,1
12005002605.00,Bay County,Florida,1183,16.8,67159,1
26017280300.00,Bay County,Michigan,1300,44.4,17311,1
26017280400.00,Bay County,Michigan,2978,26.3,46429,1
26017280500.00,Bay County,Michigan,3498,13.9,69861,1
26017280900.00,Bay County,Michigan,2952,25.8,43333,1
26017285100.00,Bay County,Michigan,3478,17,59239,1
26017285201.00,Bay County,Michigan,5834,13.2,81167,1
26017285900.00,Bay County,Michigan,5085,17.3,54545,1
26017286500.00,Bay County,Michigan,1796,40.4,45208,1
47029920200.00,Cocke County,Tennessee,5988,35.2,34039,1
47029920300.00,Cocke County,Tennessee,4022,23.3,45823,1
47029920400.00,Cocke County,Tennessee,1678,22.5,40486,1
47029920700.00,Cocke County,Tennessee,4212,21.4,51372,1
47021070201.00,Cheatham County,Tennessee,4145,8.8,90703,1
35013000102.00,Doa Ana County,New Mexico,3969,22.1,48750,1
35013000103.00,Doa Ana County,New Mexico,4863,37.5,34597,1
35013000104.00,Doa Ana County,New Mexico,4826,16.2,69219,1
35013000202.00,Doa Ana County,New Mexico,5903,22.3,52653,1
35013001102.00,Doa Ana County,New Mexico,2811,13,62674,1
35013001103.00,Doa Ana County,New Mexico,4075,17.7,61818,1
35013001104.00,Doa Ana County,New Mexico,4857,39.2,48889,1
35013001205.00,Doa Ana County,New Mexico,4534,13,70078,1
3501300